-- MySQL dump 10.13  Distrib 8.0.33, for Win64 (x86_64)
--
-- Host: 127.0.0.1    Database: onlinestore
-- ------------------------------------------------------
-- Server version	8.0.33

/*!40101 SET @OLD_CHARACTER_SET_CLIENT=@@CHARACTER_SET_CLIENT */;
/*!40101 SET @OLD_CHARACTER_SET_RESULTS=@@CHARACTER_SET_RESULTS */;
/*!40101 SET @OLD_COLLATION_CONNECTION=@@COLLATION_CONNECTION */;
/*!50503 SET NAMES utf8mb4 */;
/*!40103 SET @OLD_TIME_ZONE=@@TIME_ZONE */;
/*!40103 SET TIME_ZONE='+00:00' */;
/*!40014 SET @OLD_UNIQUE_CHECKS=@@UNIQUE_CHECKS, UNIQUE_CHECKS=0 */;
/*!40014 SET @OLD_FOREIGN_KEY_CHECKS=@@FOREIGN_KEY_CHECKS, FOREIGN_KEY_CHECKS=0 */;
/*!40101 SET @OLD_SQL_MODE=@@SQL_MODE, SQL_MODE='NO_AUTO_VALUE_ON_ZERO' */;
/*!40111 SET @OLD_SQL_NOTES=@@SQL_NOTES, SQL_NOTES=0 */;

--
-- Table structure for table `bookdetail`
--

DROP TABLE IF EXISTS `bookdetail`;
/*!40101 SET @saved_cs_client     = @@character_set_client */;
/*!50503 SET character_set_client = utf8mb4 */;
CREATE TABLE `bookdetail` (
  `BookId` int NOT NULL AUTO_INCREMENT,
  `BookName` varchar(50) DEFAULT NULL,
  `author` varchar(50) DEFAULT NULL,
  `price` varchar(50) DEFAULT NULL,
  `BookCategory` varchar(50) DEFAULT NULL,
  `Status` varchar(50) DEFAULT NULL,
  `Photo` varchar(60) DEFAULT NULL,
  `Email` varchar(50) DEFAULT NULL,
  PRIMARY KEY (`BookId`)
) ENGINE=InnoDB AUTO_INCREMENT=28 DEFAULT CHARSET=utf8mb4 COLLATE=utf8mb4_0900_ai_ci;
/*!40101 SET character_set_client = @saved_cs_client */;

--
-- Dumping data for table `bookdetail`
--

LOCK TABLES `bookdetail` WRITE;
/*!40000 ALTER TABLE `bookdetail` DISABLE KEYS */;
INSERT INTO `bookdetail` VALUES (4,'Volume IV','Jony','200','New','Active','images (1).jpg','shubhampandeycse1@gmail.com'),(7,'Standards RealBook','Alice','300','New','Active','images.jpg','shubhampandeycse1@gmail.com'),(8,'GTM for beginners','jhonson','300','New','Active','images (2).jpg','shubhampandeycse1@gmail.com'),(9,'Between Perfect and Real','Ray Stoeve','350','New','Active','images (4).jpg','shubhampandeycse1@gmail.com'),(10,'Introuction to Viedeo and Image Processing','Springer','400','New','Active','images (5).jpg','shubhampandeycse1@gmail.com'),(11,'Heaven is for Real','Lynn Vincent','700','New','Active','images (6).jpg','shubhampandeycse1@gmail.com'),(12,'The Real Yogi','Acharya','800','Old','Active','images (3).jpg','ram@gmail.com'),(13,'Sun Tzu the Art of War','Ellen','500','Old','Active','War.jpg','ram@gmail.com'),(14,'Sun Tzu the Art of War','Ellen','900','Old','Active','War.jpg','ram@gmail.com'),(15,'Festival of India ','Rama Krishnan','400','Old','Active','Festival.webp','ansh@gmail.com'),(16,'Festival of India ','Rama Krishnan','400','Old','Active','Festival1.webp','ansh@gmail.com'),(17,'Festival of India ','Rama Krishnan','500','Old','Active','Festival1.webp','ansh@gmail.com'),(18,'Festival of India ','Rama Krishnan','400','Old','Active','Festival1.webp','ansh@gmail.com'),(19,'Love with Nature','Rama Krishnan','400','Old','Active','pexels-frans-van-heerden-1590511.jpg','ansh@gmail.com'),(26,'The home of  zero','hero ','300','Old','Active','background.jpg','ramsingh@gmail.com');
/*!40000 ALTER TABLE `bookdetail` ENABLE KEYS */;
UNLOCK TABLES;

--
-- Table structure for table `cart`
--

DROP TABLE IF EXISTS `cart`;
/*!40101 SET @saved_cs_client     = @@character_set_client */;
/*!50503 SET character_set_client = utf8mb4 */;
CREATE TABLE `cart` (
  `cid` int NOT NULL AUTO_INCREMENT,
  `bid` int DEFAULT NULL,
  `uid` int DEFAULT NULL,
  `bookname` varchar(50) DEFAULT NULL,
  `author` varchar(50) DEFAULT NULL,
  `price` double DEFAULT NULL,
  `total` double DEFAULT NULL,
  PRIMARY KEY (`cid`)
) ENGINE=InnoDB AUTO_INCREMENT=108 DEFAULT CHARSET=utf8mb4 COLLATE=utf8mb4_0900_ai_ci;
/*!40101 SET character_set_client = @saved_cs_client */;

--
-- Dumping data for table `cart`
--

LOCK TABLES `cart` WRITE;
/*!40000 ALTER TABLE `cart` DISABLE KEYS */;
INSERT INTO `cart` VALUES (6,9,21,'Between Perfect and Real','Ray Stoeve',350,350),(20,9,21,'Between Perfect and Real','Ray Stoeve',350,350),(27,7,21,'Standards RealBook','Alice',300,300),(28,8,21,'GTM for beginners','jhonson',300,300),(30,8,21,'GTM for beginners','jhonson',300,300),(31,9,21,'Between Perfect and Real','Ray Stoeve',350,350),(32,8,21,'GTM for beginners','jhonson',300,300),(33,9,21,'Between Perfect and Real','Ray Stoeve',350,350),(34,10,21,'Introuction to Viedeo and Image Processing','Springer',400,400),(35,9,21,'Between Perfect and Real','Ray Stoeve',350,350),(36,8,21,'GTM for beginners','jhonson',300,300),(37,8,21,'GTM for beginners','jhonson',300,300),(38,8,21,'GTM for beginners','jhonson',300,300),(39,8,21,'GTM for beginners','jhonson',300,300),(40,8,21,'GTM for beginners','jhonson',300,300),(41,8,21,'GTM for beginners','jhonson',300,300),(42,9,21,'Between Perfect and Real','Ray Stoeve',350,350),(43,8,21,'GTM for beginners','jhonson',300,300),(44,8,21,'GTM for beginners','jhonson',300,300),(45,7,21,'Standards RealBook','Alice',300,300),(46,8,21,'GTM for beginners','jhonson',300,300),(47,8,21,'GTM for beginners','jhonson',300,300),(48,8,21,'GTM for beginners','jhonson',300,300),(49,9,21,'Between Perfect and Real','Ray Stoeve',350,350),(50,8,21,'GTM for beginners','jhonson',300,300),(51,8,21,'GTM for beginners','jhonson',300,300),(52,9,21,'Between Perfect and Real','Ray Stoeve',350,350),(53,9,21,'Between Perfect and Real','Ray Stoeve',350,350),(54,9,21,'Between Perfect and Real','Ray Stoeve',350,350),(55,9,21,'Between Perfect and Real','Ray Stoeve',350,350),(56,9,21,'Between Perfect and Real','Ray Stoeve',350,350),(57,8,21,'GTM for beginners','jhonson',300,300),(58,9,21,'Between Perfect and Real','Ray Stoeve',350,350),(59,8,21,'GTM for beginners','jhonson',300,300),(60,9,21,'Between Perfect and Real','Ray Stoeve',350,350),(61,9,21,'Between Perfect and Real','Ray Stoeve',350,350),(62,8,21,'GTM for beginners','jhonson',300,300),(63,9,21,'Between Perfect and Real','Ray Stoeve',350,350),(64,8,21,'GTM for beginners','jhonson',300,300),(65,8,21,'GTM for beginners','jhonson',300,300),(66,8,21,'GTM for beginners','jhonson',300,300),(67,8,21,'GTM for beginners','jhonson',300,300),(74,11,18,'Heaven is for Real','Lynn Vincent',700,700),(75,8,18,'GTM for beginners','jhonson',300,300),(79,7,21,'Standards RealBook','Alice',300,300),(80,10,21,'Introuction to Viedeo and Image Processing','Springer',400,400),(81,10,21,'Introuction to Viedeo and Image Processing','Springer',400,400),(82,9,21,'Between Perfect and Real','Ray Stoeve',350,350),(83,9,21,'Between Perfect and Real','Ray Stoeve',350,350),(84,9,21,'Between Perfect and Real','Ray Stoeve',350,350),(85,9,21,'Between Perfect and Real','Ray Stoeve',350,350),(86,9,21,'Between Perfect and Real','Ray Stoeve',350,350),(87,9,21,'Between Perfect and Real','Ray Stoeve',350,350),(88,9,21,'Between Perfect and Real','Ray Stoeve',350,350),(89,10,21,'Introuction to Viedeo and Image Processing','Springer',400,400),(90,10,21,'Introuction to Viedeo and Image Processing','Springer',400,400),(91,10,21,'Introuction to Viedeo and Image Processing','Springer',400,400),(92,10,21,'Introuction to Viedeo and Image Processing','Springer',400,400),(93,10,21,'Introuction to Viedeo and Image Processing','Springer',400,400),(94,10,21,'Introuction to Viedeo and Image Processing','Springer',400,400),(95,9,21,'Between Perfect and Real','Ray Stoeve',350,350),(96,10,21,'Introuction to Viedeo and Image Processing','Springer',400,400),(97,10,21,'Introuction to Viedeo and Image Processing','Springer',400,400),(98,9,21,'Between Perfect and Real','Ray Stoeve',350,350),(99,9,21,'Between Perfect and Real','Ray Stoeve',350,350),(100,9,21,'Between Perfect and Real','Ray Stoeve',350,350),(101,7,21,'Standards RealBook','Alice',300,300),(102,10,21,'Introuction to Viedeo and Image Processing','Springer',400,400),(103,9,18,'Between Perfect and Real','Ray Stoeve',350,350),(104,9,28,'Between Perfect and Real','Ray Stoeve',350,350),(105,10,28,'Introuction to Viedeo and Image Processing','Springer',400,400),(106,9,28,'Between Perfect and Real','Ray Stoeve',350,350),(107,8,28,'GTM for beginners','jhonson',300,300);
/*!40000 ALTER TABLE `cart` ENABLE KEYS */;
UNLOCK TABLES;

--
-- Table structure for table `contactus`
--

DROP TABLE IF EXISTS `contactus`;
/*!40101 SET @saved_cs_client     = @@character_set_client */;
/*!50503 SET character_set_client = utf8mb4 */;
CREATE TABLE `contactus` (
  `Name` varchar(50) DEFAULT NULL,
  `Email` varchar(50) DEFAULT NULL,
  `phone` varchar(20) DEFAULT NULL,
  `Subject` varchar(100) DEFAULT NULL,
  `Message` varchar(255) DEFAULT NULL
) ENGINE=InnoDB DEFAULT CHARSET=utf8mb4 COLLATE=utf8mb4_0900_ai_ci;
/*!40101 SET character_set_client = @saved_cs_client */;

--
-- Dumping data for table `contactus`
--

LOCK TABLES `contactus` WRITE;
/*!40000 ALTER TABLE `contactus` DISABLE KEYS */;
INSERT INTO `contactus` VALUES ('Shubham Pandey','www.shubhamp1@gmail.com','1234567890','First','Hello! Friend how are you?'),('Ansh','ansh@gmail.com','9879879','Hi','I want to contact with you'),('Ansh','ansh@gmail.com','214523241','Math','Nice website');
/*!40000 ALTER TABLE `contactus` ENABLE KEYS */;
UNLOCK TABLES;

--
-- Table structure for table `rating`
--

DROP TABLE IF EXISTS `rating`;
/*!40101 SET @saved_cs_client     = @@character_set_client */;
/*!50503 SET character_set_client = utf8mb4 */;
CREATE TABLE `rating` (
  `bid` int DEFAULT NULL,
  `uid` int DEFAULT NULL,
  `uname` varchar(50) DEFAULT NULL,
  `rate` int DEFAULT NULL
) ENGINE=InnoDB DEFAULT CHARSET=utf8mb4 COLLATE=utf8mb4_0900_ai_ci;
/*!40101 SET character_set_client = @saved_cs_client */;

--
-- Dumping data for table `rating`
--

LOCK TABLES `rating` WRITE;
/*!40000 ALTER TABLE `rating` DISABLE KEYS */;
INSERT INTO `rating` VALUES (9,28,'radha',5),(9,29,'Seeta',3),(19,28,'radha',4),(8,28,'radha',3),(15,28,'radha',5);
/*!40000 ALTER TABLE `rating` ENABLE KEYS */;
UNLOCK TABLES;

--
-- Table structure for table `user`
--

DROP TABLE IF EXISTS `user`;
/*!40101 SET @saved_cs_client     = @@character_set_client */;
/*!50503 SET character_set_client = utf8mb4 */;
CREATE TABLE `user` (
  `id` int NOT NULL AUTO_INCREMENT,
  `name` varchar(50) DEFAULT NULL,
  `email` varchar(50) DEFAULT NULL,
  `phone` varchar(20) DEFAULT NULL,
  `password` varchar(30) DEFAULT NULL,
  `address` varchar(60) DEFAULT NULL,
  `landmark` varchar(40) DEFAULT NULL,
  `city` varchar(40) DEFAULT NULL,
  `pincode` varchar(20) DEFAULT NULL,
  `state` varchar(40) DEFAULT NULL,
  PRIMARY KEY (`id`),
  UNIQUE KEY `email` (`email`)
) ENGINE=InnoDB AUTO_INCREMENT=32 DEFAULT CHARSET=utf8mb4 COLLATE=utf8mb4_0900_ai_ci;
/*!40101 SET character_set_client = @saved_cs_client */;

--
-- Dumping data for table `user`
--

LOCK TABLES `user` WRITE;
/*!40000 ALTER TABLE `user` DISABLE KEYS */;
INSERT INTO `user` VALUES (1,'hi','lskf','lskf','slaf',NULL,NULL,NULL,NULL,NULL),(12,'Shubham Pandey','shubham@gmail.com','6546546','bjhb',NULL,NULL,NULL,NULL,NULL),(15,'ansh','www.shubhamp1@gmail.comJG','68464','546546',NULL,NULL,NULL,NULL,NULL),(18,'Shubham Pandey`','ansh@gmail.com','654645','jhgjh',NULL,NULL,NULL,NULL,NULL),(19,'Shubham Pandey','www.shubhamp1@gmail.com','87987','jgjh',NULL,NULL,NULL,NULL,NULL),(20,'Shubham Pandey','shubhampandeycse1@gmail.com','646654','safsad',NULL,NULL,NULL,NULL,NULL),(28,'Ram Singh','ramsingh@gmail.com','23453435387','123456',NULL,NULL,NULL,NULL,NULL),(29,'Seeta','seeta@gmail.com','958443895','123456',NULL,NULL,NULL,NULL,NULL),(30,'Shubham','admin@gmail.com','1234567890','1234567890',NULL,NULL,NULL,NULL,NULL),(31,'Rahul','rahul@gmail.com','3987582395','123456',NULL,NULL,NULL,NULL,NULL);
/*!40000 ALTER TABLE `user` ENABLE KEYS */;
UNLOCK TABLES;

--
-- Table structure for table `userorder`
--

DROP TABLE IF EXISTS `userorder`;
/*!40101 SET @saved_cs_client     = @@character_set_client */;
/*!50503 SET character_set_client = utf8mb4 */;
CREATE TABLE `userorder` (
  `soid` int NOT NULL AUTO_INCREMENT,
  `uid` int DEFAULT NULL,
  `cid` int DEFAULT NULL,
  `uname` varchar(50) DEFAULT NULL,
  `email` varchar(50) DEFAULT NULL,
  `address` varchar(200) DEFAULT NULL,
  `phone` varchar(20) DEFAULT NULL,
  `bookname` varchar(50) DEFAULT NULL,
  `author` varchar(50) DEFAULT NULL,
  `price` varchar(20) DEFAULT NULL,
  `paymode` varchar(20) DEFAULT NULL,
  PRIMARY KEY (`soid`)
) ENGINE=InnoDB AUTO_INCREMENT=148 DEFAULT CHARSET=utf8mb4 COLLATE=utf8mb4_0900_ai_ci;
/*!40101 SET character_set_client = @saved_cs_client */;

--
-- Dumping data for table `userorder`
--

LOCK TABLES `userorder` WRITE;
/*!40000 ALTER TABLE `userorder` DISABLE KEYS */;
INSERT INTO `userorder` VALUES (1,21,4,'Ram Singh','ramsingh@gmail.com','Vill. Umamishra pur, Po. Barehti, Teh. Musafir Khana, Sultanpur, Uttar Pradesh, Vodafone Tower, 227807','1234567891','GTM for beginners','jhonson','300.0','---Select---'),(2,21,6,'Ram Singh','ramsingh@gmail.com','Vill. Umamishra pur, Po. Barehti, Teh. Musafir Khana, Sultanpur, Uttar Pradesh, Vodafone Tower, 227807','1234567891','Between Perfect and Real','Ray Stoeve','350.0','---Select---'),(3,21,20,'Ram Singh','ramsingh@gmail.com','Vill. Umamishra pur, Po. Barehti, Teh. Musafir Khana, Sultanpur, Uttar Pradesh, Vodafone Tower, 227807','1234567891','Between Perfect and Real','Ray Stoeve','350.0','---Select---'),(4,21,27,'Ram Singh','ramsingh@gmail.com','Vill. Umamishra pur, Po. Barehti, Teh. Musafir Khana, Sultanpur, Uttar Pradesh, Vodafone Tower, 227807','1234567891','Standards RealBook','Alice','300.0','---Select---'),(5,21,28,'Ram Singh','ramsingh@gmail.com','Vill. Umamishra pur, Po. Barehti, Teh. Musafir Khana, Sultanpur, Uttar Pradesh, Vodafone Tower, 227807','1234567891','GTM for beginners','jhonson','300.0','---Select---'),(6,21,30,'Ram Singh','ramsingh@gmail.com','Vill. Umamishra pur, Po. Barehti, Teh. Musafir Khana, Sultanpur, Uttar Pradesh, Vodafone Tower, 227807','1234567891','GTM for beginners','jhonson','300.0','---Select---'),(7,21,31,'Ram Singh','ramsingh@gmail.com','Vill. Umamishra pur, Po. Barehti, Teh. Musafir Khana, Sultanpur, Uttar Pradesh, Vodafone Tower, 227807','1234567891','Between Perfect and Real','Ray Stoeve','350.0','---Select---'),(8,21,32,'Ram Singh','ramsingh@gmail.com','Vill. Umamishra pur, Po. Barehti, Teh. Musafir Khana, Sultanpur, Uttar Pradesh, Vodafone Tower, 227807','1234567891','GTM for beginners','jhonson','300.0','---Select---'),(9,21,33,'Ram Singh','ramsingh@gmail.com','Vill. Umamishra pur, Po. Barehti, Teh. Musafir Khana, Sultanpur, Uttar Pradesh, Vodafone Tower, 227807','1234567891','Between Perfect and Real','Ray Stoeve','350.0','---Select---'),(10,21,34,'Ram Singh','ramsingh@gmail.com','Vill. Umamishra pur, Po. Barehti, Teh. Musafir Khana, Sultanpur, Uttar Pradesh, Vodafone Tower, 227807','1234567891','Introuction to Viedeo and Image Processing','Springer','400.0','---Select---'),(11,21,35,'Ram Singh','ramsingh@gmail.com','Vill. Umamishra pur, Po. Barehti, Teh. Musafir Khana, Sultanpur, Uttar Pradesh, Vodafone Tower, 227807','1234567891','Between Perfect and Real','Ray Stoeve','350.0','---Select---'),(12,21,36,'Ram Singh','ramsingh@gmail.com','Vill. Umamishra pur, Po. Barehti, Teh. Musafir Khana, Sultanpur, Uttar Pradesh, Vodafone Tower, 227807','1234567891','GTM for beginners','jhonson','300.0','---Select---'),(13,21,37,'Ram Singh','ramsingh@gmail.com','Vill. Umamishra pur, Po. Barehti, Teh. Musafir Khana, Sultanpur, Uttar Pradesh, Vodafone Tower, 227807','1234567891','GTM for beginners','jhonson','300.0','---Select---'),(14,21,38,'Ram Singh','ramsingh@gmail.com','Vill. Umamishra pur, Po. Barehti, Teh. Musafir Khana, Sultanpur, Uttar Pradesh, Vodafone Tower, 227807','1234567891','GTM for beginners','jhonson','300.0','---Select---'),(15,21,39,'Ram Singh','ramsingh@gmail.com','Vill. Umamishra pur, Po. Barehti, Teh. Musafir Khana, Sultanpur, Uttar Pradesh, Vodafone Tower, 227807','1234567891','GTM for beginners','jhonson','300.0','---Select---'),(16,21,40,'Ram Singh','ramsingh@gmail.com','Vill. Umamishra pur, Po. Barehti, Teh. Musafir Khana, Sultanpur, Uttar Pradesh, Vodafone Tower, 227807','1234567891','GTM for beginners','jhonson','300.0','---Select---'),(17,21,41,'Ram Singh','ramsingh@gmail.com','Vill. Umamishra pur, Po. Barehti, Teh. Musafir Khana, Sultanpur, Uttar Pradesh, Vodafone Tower, 227807','1234567891','GTM for beginners','jhonson','300.0','---Select---'),(18,21,42,'Ram Singh','ramsingh@gmail.com','Vill. Umamishra pur, Po. Barehti, Teh. Musafir Khana, Sultanpur, Uttar Pradesh, Vodafone Tower, 227807','1234567891','Between Perfect and Real','Ray Stoeve','350.0','---Select---'),(19,21,43,'Ram Singh','ramsingh@gmail.com','Vill. Umamishra pur, Po. Barehti, Teh. Musafir Khana, Sultanpur, Uttar Pradesh, Vodafone Tower, 227807','1234567891','GTM for beginners','jhonson','300.0','---Select---'),(20,21,44,'Ram Singh','ramsingh@gmail.com','Vill. Umamishra pur, Po. Barehti, Teh. Musafir Khana, Sultanpur, Uttar Pradesh, Vodafone Tower, 227807','1234567891','GTM for beginners','jhonson','300.0','---Select---'),(21,21,45,'Ram Singh','ramsingh@gmail.com','Vill. Umamishra pur, Po. Barehti, Teh. Musafir Khana, Sultanpur, Uttar Pradesh, Vodafone Tower, 227807','1234567891','Standards RealBook','Alice','300.0','---Select---'),(22,21,46,'Ram Singh','ramsingh@gmail.com','Vill. Umamishra pur, Po. Barehti, Teh. Musafir Khana, Sultanpur, Uttar Pradesh, Vodafone Tower, 227807','1234567891','GTM for beginners','jhonson','300.0','---Select---'),(23,21,47,'Ram Singh','ramsingh@gmail.com','Vill. Umamishra pur, Po. Barehti, Teh. Musafir Khana, Sultanpur, Uttar Pradesh, Vodafone Tower, 227807','1234567891','GTM for beginners','jhonson','300.0','---Select---'),(24,21,48,'Ram Singh','ramsingh@gmail.com','Vill. Umamishra pur, Po. Barehti, Teh. Musafir Khana, Sultanpur, Uttar Pradesh, Vodafone Tower, 227807','1234567891','GTM for beginners','jhonson','300.0','---Select---'),(25,21,49,'Ram Singh','ramsingh@gmail.com','Vill. Umamishra pur, Po. Barehti, Teh. Musafir Khana, Sultanpur, Uttar Pradesh, Vodafone Tower, 227807','1234567891','Between Perfect and Real','Ray Stoeve','350.0','---Select---'),(26,21,50,'Ram Singh','ramsingh@gmail.com','Vill. Umamishra pur, Po. Barehti, Teh. Musafir Khana, Sultanpur, Uttar Pradesh, Vodafone Tower, 227807','1234567891','GTM for beginners','jhonson','300.0','---Select---'),(27,21,51,'Ram Singh','ramsingh@gmail.com','Vill. Umamishra pur, Po. Barehti, Teh. Musafir Khana, Sultanpur, Uttar Pradesh, Vodafone Tower, 227807','1234567891','GTM for beginners','jhonson','300.0','---Select---'),(28,21,52,'Ram Singh','ramsingh@gmail.com','Vill. Umamishra pur, Po. Barehti, Teh. Musafir Khana, Sultanpur, Uttar Pradesh, Vodafone Tower, 227807','1234567891','Between Perfect and Real','Ray Stoeve','350.0','---Select---'),(29,21,53,'Ram Singh','ramsingh@gmail.com','Vill. Umamishra pur, Po. Barehti, Teh. Musafir Khana, Sultanpur, Uttar Pradesh, Vodafone Tower, 227807','1234567891','Between Perfect and Real','Ray Stoeve','350.0','---Select---'),(30,21,54,'Ram Singh','ramsingh@gmail.com','Vill. Umamishra pur, Po. Barehti, Teh. Musafir Khana, Sultanpur, Uttar Pradesh, Vodafone Tower, 227807','1234567891','Between Perfect and Real','Ray Stoeve','350.0','---Select---'),(31,21,55,'Ram Singh','ramsingh@gmail.com','Vill. Umamishra pur, Po. Barehti, Teh. Musafir Khana, Sultanpur, Uttar Pradesh, Vodafone Tower, 227807','1234567891','Between Perfect and Real','Ray Stoeve','350.0','---Select---'),(32,21,56,'Ram Singh','ramsingh@gmail.com','Vill. Umamishra pur, Po. Barehti, Teh. Musafir Khana, Sultanpur, Uttar Pradesh, Vodafone Tower, 227807','1234567891','Between Perfect and Real','Ray Stoeve','350.0','---Select---'),(33,21,57,'Ram Singh','ramsingh@gmail.com','Vill. Umamishra pur, Po. Barehti, Teh. Musafir Khana, Sultanpur, Uttar Pradesh, Vodafone Tower, 227807','1234567891','GTM for beginners','jhonson','300.0','---Select---'),(34,21,58,'Ram Singh','ramsingh@gmail.com','Vill. Umamishra pur, Po. Barehti, Teh. Musafir Khana, Sultanpur, Uttar Pradesh, Vodafone Tower, 227807','1234567891','Between Perfect and Real','Ray Stoeve','350.0','---Select---'),(35,21,59,'Ram Singh','ramsingh@gmail.com','Vill. Umamishra pur, Po. Barehti, Teh. Musafir Khana, Sultanpur, Uttar Pradesh, Vodafone Tower, 227807','1234567891','GTM for beginners','jhonson','300.0','---Select---'),(36,21,60,'Ram Singh','ramsingh@gmail.com','Vill. Umamishra pur, Po. Barehti, Teh. Musafir Khana, Sultanpur, Uttar Pradesh, Vodafone Tower, 227807','1234567891','Between Perfect and Real','Ray Stoeve','350.0','---Select---'),(37,21,61,'Ram Singh','ramsingh@gmail.com','Vill. Umamishra pur, Po. Barehti, Teh. Musafir Khana, Sultanpur, Uttar Pradesh, Vodafone Tower, 227807','1234567891','Between Perfect and Real','Ray Stoeve','350.0','---Select---'),(38,21,62,'Ram Singh','ramsingh@gmail.com','Vill. Umamishra pur, Po. Barehti, Teh. Musafir Khana, Sultanpur, Uttar Pradesh, Vodafone Tower, 227807','1234567891','GTM for beginners','jhonson','300.0','---Select---'),(39,21,63,'Ram Singh','ramsingh@gmail.com','Vill. Umamishra pur, Po. Barehti, Teh. Musafir Khana, Sultanpur, Uttar Pradesh, Vodafone Tower, 227807','1234567891','Between Perfect and Real','Ray Stoeve','350.0','---Select---'),(40,21,64,'Ram Singh','ramsingh@gmail.com','Vill. Umamishra pur, Po. Barehti, Teh. Musafir Khana, Sultanpur, Uttar Pradesh, Vodafone Tower, 227807','1234567891','GTM for beginners','jhonson','300.0','---Select---'),(41,21,65,'Ram Singh','ramsingh@gmail.com','Vill. Umamishra pur, Po. Barehti, Teh. Musafir Khana, Sultanpur, Uttar Pradesh, Vodafone Tower, 227807','1234567891','GTM for beginners','jhonson','300.0','---Select---'),(42,21,66,'Ram Singh','ramsingh@gmail.com','Vill. Umamishra pur, Po. Barehti, Teh. Musafir Khana, Sultanpur, Uttar Pradesh, Vodafone Tower, 227807','1234567891','GTM for beginners','jhonson','300.0','---Select---'),(43,21,67,'Ram Singh','ramsingh@gmail.com','Vill. Umamishra pur, Po. Barehti, Teh. Musafir Khana, Sultanpur, Uttar Pradesh, Vodafone Tower, 227807','1234567891','GTM for beginners','jhonson','300.0','---Select---'),(44,21,4,'Ram Singh','ramsingh@gmail.com','Vill. Umamishra pur, Po. Barehti, Teh. Musafir Khana, Sultanpur, Uttar Pradesh, Vodafone Tower, 227807','1234567891','GTM for beginners','jhonson','300.0','---Select---'),(45,21,6,'Ram Singh','ramsingh@gmail.com','Vill. Umamishra pur, Po. Barehti, Teh. Musafir Khana, Sultanpur, Uttar Pradesh, Vodafone Tower, 227807','1234567891','Between Perfect and Real','Ray Stoeve','350.0','---Select---'),(46,21,20,'Ram Singh','ramsingh@gmail.com','Vill. Umamishra pur, Po. Barehti, Teh. Musafir Khana, Sultanpur, Uttar Pradesh, Vodafone Tower, 227807','1234567891','Between Perfect and Real','Ray Stoeve','350.0','---Select---'),(47,21,27,'Ram Singh','ramsingh@gmail.com','Vill. Umamishra pur, Po. Barehti, Teh. Musafir Khana, Sultanpur, Uttar Pradesh, Vodafone Tower, 227807','1234567891','Standards RealBook','Alice','300.0','---Select---'),(48,21,28,'Ram Singh','ramsingh@gmail.com','Vill. Umamishra pur, Po. Barehti, Teh. Musafir Khana, Sultanpur, Uttar Pradesh, Vodafone Tower, 227807','1234567891','GTM for beginners','jhonson','300.0','---Select---'),(49,21,30,'Ram Singh','ramsingh@gmail.com','Vill. Umamishra pur, Po. Barehti, Teh. Musafir Khana, Sultanpur, Uttar Pradesh, Vodafone Tower, 227807','1234567891','GTM for beginners','jhonson','300.0','---Select---'),(50,21,31,'Ram Singh','ramsingh@gmail.com','Vill. Umamishra pur, Po. Barehti, Teh. Musafir Khana, Sultanpur, Uttar Pradesh, Vodafone Tower, 227807','1234567891','Between Perfect and Real','Ray Stoeve','350.0','---Select---'),(51,21,32,'Ram Singh','ramsingh@gmail.com','Vill. Umamishra pur, Po. Barehti, Teh. Musafir Khana, Sultanpur, Uttar Pradesh, Vodafone Tower, 227807','1234567891','GTM for beginners','jhonson','300.0','---Select---'),(52,21,33,'Ram Singh','ramsingh@gmail.com','Vill. Umamishra pur, Po. Barehti, Teh. Musafir Khana, Sultanpur, Uttar Pradesh, Vodafone Tower, 227807','1234567891','Between Perfect and Real','Ray Stoeve','350.0','---Select---'),(53,21,34,'Ram Singh','ramsingh@gmail.com','Vill. Umamishra pur, Po. Barehti, Teh. Musafir Khana, Sultanpur, Uttar Pradesh, Vodafone Tower, 227807','1234567891','Introuction to Viedeo and Image Processing','Springer','400.0','---Select---'),(54,21,35,'Ram Singh','ramsingh@gmail.com','Vill. Umamishra pur, Po. Barehti, Teh. Musafir Khana, Sultanpur, Uttar Pradesh, Vodafone Tower, 227807','1234567891','Between Perfect and Real','Ray Stoeve','350.0','---Select---'),(55,21,36,'Ram Singh','ramsingh@gmail.com','Vill. Umamishra pur, Po. Barehti, Teh. Musafir Khana, Sultanpur, Uttar Pradesh, Vodafone Tower, 227807','1234567891','GTM for beginners','jhonson','300.0','---Select---'),(56,21,37,'Ram Singh','ramsingh@gmail.com','Vill. Umamishra pur, Po. Barehti, Teh. Musafir Khana, Sultanpur, Uttar Pradesh, Vodafone Tower, 227807','1234567891','GTM for beginners','jhonson','300.0','---Select---'),(57,21,38,'Ram Singh','ramsingh@gmail.com','Vill. Umamishra pur, Po. Barehti, Teh. Musafir Khana, Sultanpur, Uttar Pradesh, Vodafone Tower, 227807','1234567891','GTM for beginners','jhonson','300.0','---Select---'),(58,21,39,'Ram Singh','ramsingh@gmail.com','Vill. Umamishra pur, Po. Barehti, Teh. Musafir Khana, Sultanpur, Uttar Pradesh, Vodafone Tower, 227807','1234567891','GTM for beginners','jhonson','300.0','---Select---'),(59,21,40,'Ram Singh','ramsingh@gmail.com','Vill. Umamishra pur, Po. Barehti, Teh. Musafir Khana, Sultanpur, Uttar Pradesh, Vodafone Tower, 227807','1234567891','GTM for beginners','jhonson','300.0','---Select---'),(60,21,41,'Ram Singh','ramsingh@gmail.com','Vill. Umamishra pur, Po. Barehti, Teh. Musafir Khana, Sultanpur, Uttar Pradesh, Vodafone Tower, 227807','1234567891','GTM for beginners','jhonson','300.0','---Select---'),(61,21,42,'Ram Singh','ramsingh@gmail.com','Vill. Umamishra pur, Po. Barehti, Teh. Musafir Khana, Sultanpur, Uttar Pradesh, Vodafone Tower, 227807','1234567891','Between Perfect and Real','Ray Stoeve','350.0','---Select---'),(62,21,43,'Ram Singh','ramsingh@gmail.com','Vill. Umamishra pur, Po. Barehti, Teh. Musafir Khana, Sultanpur, Uttar Pradesh, Vodafone Tower, 227807','1234567891','GTM for beginners','jhonson','300.0','---Select---'),(63,21,44,'Ram Singh','ramsingh@gmail.com','Vill. Umamishra pur, Po. Barehti, Teh. Musafir Khana, Sultanpur, Uttar Pradesh, Vodafone Tower, 227807','1234567891','GTM for beginners','jhonson','300.0','---Select---'),(64,21,45,'Ram Singh','ramsingh@gmail.com','Vill. Umamishra pur, Po. Barehti, Teh. Musafir Khana, Sultanpur, Uttar Pradesh, Vodafone Tower, 227807','1234567891','Standards RealBook','Alice','300.0','---Select---'),(65,21,46,'Ram Singh','ramsingh@gmail.com','Vill. Umamishra pur, Po. Barehti, Teh. Musafir Khana, Sultanpur, Uttar Pradesh, Vodafone Tower, 227807','1234567891','GTM for beginners','jhonson','300.0','---Select---'),(66,21,47,'Ram Singh','ramsingh@gmail.com','Vill. Umamishra pur, Po. Barehti, Teh. Musafir Khana, Sultanpur, Uttar Pradesh, Vodafone Tower, 227807','1234567891','GTM for beginners','jhonson','300.0','---Select---'),(67,21,48,'Ram Singh','ramsingh@gmail.com','Vill. Umamishra pur, Po. Barehti, Teh. Musafir Khana, Sultanpur, Uttar Pradesh, Vodafone Tower, 227807','1234567891','GTM for beginners','jhonson','300.0','---Select---'),(68,21,49,'Ram Singh','ramsingh@gmail.com','Vill. Umamishra pur, Po. Barehti, Teh. Musafir Khana, Sultanpur, Uttar Pradesh, Vodafone Tower, 227807','1234567891','Between Perfect and Real','Ray Stoeve','350.0','---Select---'),(69,21,50,'Ram Singh','ramsingh@gmail.com','Vill. Umamishra pur, Po. Barehti, Teh. Musafir Khana, Sultanpur, Uttar Pradesh, Vodafone Tower, 227807','1234567891','GTM for beginners','jhonson','300.0','---Select---'),(70,21,51,'Ram Singh','ramsingh@gmail.com','Vill. Umamishra pur, Po. Barehti, Teh. Musafir Khana, Sultanpur, Uttar Pradesh, Vodafone Tower, 227807','1234567891','GTM for beginners','jhonson','300.0','---Select---'),(71,21,52,'Ram Singh','ramsingh@gmail.com','Vill. Umamishra pur, Po. Barehti, Teh. Musafir Khana, Sultanpur, Uttar Pradesh, Vodafone Tower, 227807','1234567891','Between Perfect and Real','Ray Stoeve','350.0','---Select---'),(72,21,53,'Ram Singh','ramsingh@gmail.com','Vill. Umamishra pur, Po. Barehti, Teh. Musafir Khana, Sultanpur, Uttar Pradesh, Vodafone Tower, 227807','1234567891','Between Perfect and Real','Ray Stoeve','350.0','---Select---'),(73,21,54,'Ram Singh','ramsingh@gmail.com','Vill. Umamishra pur, Po. Barehti, Teh. Musafir Khana, Sultanpur, Uttar Pradesh, Vodafone Tower, 227807','1234567891','Between Perfect and Real','Ray Stoeve','350.0','---Select---'),(74,21,55,'Ram Singh','ramsingh@gmail.com','Vill. Umamishra pur, Po. Barehti, Teh. Musafir Khana, Sultanpur, Uttar Pradesh, Vodafone Tower, 227807','1234567891','Between Perfect and Real','Ray Stoeve','350.0','---Select---'),(75,21,56,'Ram Singh','ramsingh@gmail.com','Vill. Umamishra pur, Po. Barehti, Teh. Musafir Khana, Sultanpur, Uttar Pradesh, Vodafone Tower, 227807','1234567891','Between Perfect and Real','Ray Stoeve','350.0','---Select---'),(76,21,57,'Ram Singh','ramsingh@gmail.com','Vill. Umamishra pur, Po. Barehti, Teh. Musafir Khana, Sultanpur, Uttar Pradesh, Vodafone Tower, 227807','1234567891','GTM for beginners','jhonson','300.0','---Select---'),(77,21,58,'Ram Singh','ramsingh@gmail.com','Vill. Umamishra pur, Po. Barehti, Teh. Musafir Khana, Sultanpur, Uttar Pradesh, Vodafone Tower, 227807','1234567891','Between Perfect and Real','Ray Stoeve','350.0','---Select---'),(78,21,59,'Ram Singh','ramsingh@gmail.com','Vill. Umamishra pur, Po. Barehti, Teh. Musafir Khana, Sultanpur, Uttar Pradesh, Vodafone Tower, 227807','1234567891','GTM for beginners','jhonson','300.0','---Select---'),(79,21,60,'Ram Singh','ramsingh@gmail.com','Vill. Umamishra pur, Po. Barehti, Teh. Musafir Khana, Sultanpur, Uttar Pradesh, Vodafone Tower, 227807','1234567891','Between Perfect and Real','Ray Stoeve','350.0','---Select---'),(80,21,61,'Ram Singh','ramsingh@gmail.com','Vill. Umamishra pur, Po. Barehti, Teh. Musafir Khana, Sultanpur, Uttar Pradesh, Vodafone Tower, 227807','1234567891','Between Perfect and Real','Ray Stoeve','350.0','---Select---'),(81,21,62,'Ram Singh','ramsingh@gmail.com','Vill. Umamishra pur, Po. Barehti, Teh. Musafir Khana, Sultanpur, Uttar Pradesh, Vodafone Tower, 227807','1234567891','GTM for beginners','jhonson','300.0','---Select---'),(82,21,63,'Ram Singh','ramsingh@gmail.com','Vill. Umamishra pur, Po. Barehti, Teh. Musafir Khana, Sultanpur, Uttar Pradesh, Vodafone Tower, 227807','1234567891','Between Perfect and Real','Ray Stoeve','350.0','---Select---'),(83,21,64,'Ram Singh','ramsingh@gmail.com','Vill. Umamishra pur, Po. Barehti, Teh. Musafir Khana, Sultanpur, Uttar Pradesh, Vodafone Tower, 227807','1234567891','GTM for beginners','jhonson','300.0','---Select---'),(84,21,65,'Ram Singh','ramsingh@gmail.com','Vill. Umamishra pur, Po. Barehti, Teh. Musafir Khana, Sultanpur, Uttar Pradesh, Vodafone Tower, 227807','1234567891','GTM for beginners','jhonson','300.0','---Select---'),(85,21,66,'Ram Singh','ramsingh@gmail.com','Vill. Umamishra pur, Po. Barehti, Teh. Musafir Khana, Sultanpur, Uttar Pradesh, Vodafone Tower, 227807','1234567891','GTM for beginners','jhonson','300.0','---Select---'),(86,21,67,'Ram Singh','ramsingh@gmail.com','Vill. Umamishra pur, Po. Barehti, Teh. Musafir Khana, Sultanpur, Uttar Pradesh, Vodafone Tower, 227807','1234567891','GTM for beginners','jhonson','300.0','---Select---'),(87,18,73,'Shubham Pandey`','ansh@gmail.com','taj, taj, taj, taj, 345890','654645','Standards RealBook','Alice','300.0','cash'),(88,18,73,'Shubham Pandey`','ansh@gmail.com','Delhi, Delhi, Delhi, Delhi, 123241','654645','Standards RealBook','Alice','300.0','cash'),(89,18,74,'Shubham Pandey`','ansh@gmail.com','Odisha, Odisha, Odisha, Odisha, 124234','654645','Heaven is for Real','Lynn Vincent','700.0','cash'),(90,18,75,'Shubham Pandey`','ansh@gmail.com','Odisha, Odisha, Odisha, Odisha, 124234','654645','GTM for beginners','jhonson','300.0','cash'),(91,18,74,'Shubham Pandey`','ansh@gmail.com','Delhi, Delhi, Delhi, Delhi, 12342','654645','Heaven is for Real','Lynn Vincent','700.0','cash'),(92,18,75,'Shubham Pandey`','ansh@gmail.com','Delhi, Delhi, Delhi, Delhi, 12342','654645','GTM for beginners','jhonson','300.0','cash'),(93,12,76,'Shubham Pandey','shubham@gmail.com','Vill. Umamishra pur, Po. Barehti, Teh. Musafir Khana, Sultanpur, Uttar Pradesh, Vodafone Tower, 227807','6546546','Heaven is for Real','Lynn Vincent','700.0','cash'),(94,12,77,'Shubham Pandey','shubham@gmail.com','Vill. Umamishra pur, Po. Barehti, Teh. Musafir Khana, Sultanpur, Uttar Pradesh, Vodafone Tower, 227807','6546546','Between Perfect and Real','Ray Stoeve','350.0','cash'),(95,12,78,'Shubham Pandey','shubham@gmail.com','Vill. Umamishra pur, Po. Barehti, Teh. Musafir Khana, Sultanpur, Uttar Pradesh, Vodafone Tower, 227807','6546546','GTM for beginners','jhonson','300.0','cash'),(96,21,4,'Ram Singh','ramsingh@gmail.com','Vill. Umamishra pur, Po. Barehti, Teh. Musafir Khana, Sultanpur, Uttar Pradesh, Tower, 227807','1234567891','GTM for beginners','jhonson','300.0','cash'),(97,21,6,'Ram Singh','ramsingh@gmail.com','Vill. Umamishra pur, Po. Barehti, Teh. Musafir Khana, Sultanpur, Uttar Pradesh, Tower, 227807','1234567891','Between Perfect and Real','Ray Stoeve','350.0','cash'),(98,21,20,'Ram Singh','ramsingh@gmail.com','Vill. Umamishra pur, Po. Barehti, Teh. Musafir Khana, Sultanpur, Uttar Pradesh, Tower, 227807','1234567891','Between Perfect and Real','Ray Stoeve','350.0','cash'),(99,21,27,'Ram Singh','ramsingh@gmail.com','Vill. Umamishra pur, Po. Barehti, Teh. Musafir Khana, Sultanpur, Uttar Pradesh, Tower, 227807','1234567891','Standards RealBook','Alice','300.0','cash'),(100,21,28,'Ram Singh','ramsingh@gmail.com','Vill. Umamishra pur, Po. Barehti, Teh. Musafir Khana, Sultanpur, Uttar Pradesh, Tower, 227807','1234567891','GTM for beginners','jhonson','300.0','cash'),(101,21,30,'Ram Singh','ramsingh@gmail.com','Vill. Umamishra pur, Po. Barehti, Teh. Musafir Khana, Sultanpur, Uttar Pradesh, Tower, 227807','1234567891','GTM for beginners','jhonson','300.0','cash'),(102,21,31,'Ram Singh','ramsingh@gmail.com','Vill. Umamishra pur, Po. Barehti, Teh. Musafir Khana, Sultanpur, Uttar Pradesh, Tower, 227807','1234567891','Between Perfect and Real','Ray Stoeve','350.0','cash'),(103,21,32,'Ram Singh','ramsingh@gmail.com','Vill. Umamishra pur, Po. Barehti, Teh. Musafir Khana, Sultanpur, Uttar Pradesh, Tower, 227807','1234567891','GTM for beginners','jhonson','300.0','cash'),(104,21,33,'Ram Singh','ramsingh@gmail.com','Vill. Umamishra pur, Po. Barehti, Teh. Musafir Khana, Sultanpur, Uttar Pradesh, Tower, 227807','1234567891','Between Perfect and Real','Ray Stoeve','350.0','cash'),(105,21,34,'Ram Singh','ramsingh@gmail.com','Vill. Umamishra pur, Po. Barehti, Teh. Musafir Khana, Sultanpur, Uttar Pradesh, Tower, 227807','1234567891','Introuction to Viedeo and Image Processing','Springer','400.0','cash'),(106,21,35,'Ram Singh','ramsingh@gmail.com','Vill. Umamishra pur, Po. Barehti, Teh. Musafir Khana, Sultanpur, Uttar Pradesh, Tower, 227807','1234567891','Between Perfect and Real','Ray Stoeve','350.0','cash'),(107,21,36,'Ram Singh','ramsingh@gmail.com','Vill. Umamishra pur, Po. Barehti, Teh. Musafir Khana, Sultanpur, Uttar Pradesh, Tower, 227807','1234567891','GTM for beginners','jhonson','300.0','cash'),(108,21,37,'Ram Singh','ramsingh@gmail.com','Vill. Umamishra pur, Po. Barehti, Teh. Musafir Khana, Sultanpur, Uttar Pradesh, Tower, 227807','1234567891','GTM for beginners','jhonson','300.0','cash'),(109,21,38,'Ram Singh','ramsingh@gmail.com','Vill. Umamishra pur, Po. Barehti, Teh. Musafir Khana, Sultanpur, Uttar Pradesh, Tower, 227807','1234567891','GTM for beginners','jhonson','300.0','cash'),(110,21,39,'Ram Singh','ramsingh@gmail.com','Vill. Umamishra pur, Po. Barehti, Teh. Musafir Khana, Sultanpur, Uttar Pradesh, Tower, 227807','1234567891','GTM for beginners','jhonson','300.0','cash'),(111,21,40,'Ram Singh','ramsingh@gmail.com','Vill. Umamishra pur, Po. Barehti, Teh. Musafir Khana, Sultanpur, Uttar Pradesh, Tower, 227807','1234567891','GTM for beginners','jhonson','300.0','cash'),(112,21,41,'Ram Singh','ramsingh@gmail.com','Vill. Umamishra pur, Po. Barehti, Teh. Musafir Khana, Sultanpur, Uttar Pradesh, Tower, 227807','1234567891','GTM for beginners','jhonson','300.0','cash'),(113,21,42,'Ram Singh','ramsingh@gmail.com','Vill. Umamishra pur, Po. Barehti, Teh. Musafir Khana, Sultanpur, Uttar Pradesh, Tower, 227807','1234567891','Between Perfect and Real','Ray Stoeve','350.0','cash'),(114,21,43,'Ram Singh','ramsingh@gmail.com','Vill. Umamishra pur, Po. Barehti, Teh. Musafir Khana, Sultanpur, Uttar Pradesh, Tower, 227807','1234567891','GTM for beginners','jhonson','300.0','cash'),(115,21,44,'Ram Singh','ramsingh@gmail.com','Vill. Umamishra pur, Po. Barehti, Teh. Musafir Khana, Sultanpur, Uttar Pradesh, Tower, 227807','1234567891','GTM for beginners','jhonson','300.0','cash'),(116,21,45,'Ram Singh','ramsingh@gmail.com','Vill. Umamishra pur, Po. Barehti, Teh. Musafir Khana, Sultanpur, Uttar Pradesh, Tower, 227807','1234567891','Standards RealBook','Alice','300.0','cash'),(117,21,46,'Ram Singh','ramsingh@gmail.com','Vill. Umamishra pur, Po. Barehti, Teh. Musafir Khana, Sultanpur, Uttar Pradesh, Tower, 227807','1234567891','GTM for beginners','jhonson','300.0','cash'),(118,21,47,'Ram Singh','ramsingh@gmail.com','Vill. Umamishra pur, Po. Barehti, Teh. Musafir Khana, Sultanpur, Uttar Pradesh, Tower, 227807','1234567891','GTM for beginners','jhonson','300.0','cash'),(119,21,48,'Ram Singh','ramsingh@gmail.com','Vill. Umamishra pur, Po. Barehti, Teh. Musafir Khana, Sultanpur, Uttar Pradesh, Tower, 227807','1234567891','GTM for beginners','jhonson','300.0','cash'),(120,21,49,'Ram Singh','ramsingh@gmail.com','Vill. Umamishra pur, Po. Barehti, Teh. Musafir Khana, Sultanpur, Uttar Pradesh, Tower, 227807','1234567891','Between Perfect and Real','Ray Stoeve','350.0','cash'),(121,21,50,'Ram Singh','ramsingh@gmail.com','Vill. Umamishra pur, Po. Barehti, Teh. Musafir Khana, Sultanpur, Uttar Pradesh, Tower, 227807','1234567891','GTM for beginners','jhonson','300.0','cash'),(122,21,51,'Ram Singh','ramsingh@gmail.com','Vill. Umamishra pur, Po. Barehti, Teh. Musafir Khana, Sultanpur, Uttar Pradesh, Tower, 227807','1234567891','GTM for beginners','jhonson','300.0','cash'),(123,21,52,'Ram Singh','ramsingh@gmail.com','Vill. Umamishra pur, Po. Barehti, Teh. Musafir Khana, Sultanpur, Uttar Pradesh, Tower, 227807','1234567891','Between Perfect and Real','Ray Stoeve','350.0','cash'),(124,21,53,'Ram Singh','ramsingh@gmail.com','Vill. Umamishra pur, Po. Barehti, Teh. Musafir Khana, Sultanpur, Uttar Pradesh, Tower, 227807','1234567891','Between Perfect and Real','Ray Stoeve','350.0','cash'),(125,21,54,'Ram Singh','ramsingh@gmail.com','Vill. Umamishra pur, Po. Barehti, Teh. Musafir Khana, Sultanpur, Uttar Pradesh, Tower, 227807','1234567891','Between Perfect and Real','Ray Stoeve','350.0','cash'),(126,21,55,'Ram Singh','ramsingh@gmail.com','Vill. Umamishra pur, Po. Barehti, Teh. Musafir Khana, Sultanpur, Uttar Pradesh, Tower, 227807','1234567891','Between Perfect and Real','Ray Stoeve','350.0','cash'),(127,21,56,'Ram Singh','ramsingh@gmail.com','Vill. Umamishra pur, Po. Barehti, Teh. Musafir Khana, Sultanpur, Uttar Pradesh, Tower, 227807','1234567891','Between Perfect and Real','Ray Stoeve','350.0','cash'),(128,21,57,'Ram Singh','ramsingh@gmail.com','Vill. Umamishra pur, Po. Barehti, Teh. Musafir Khana, Sultanpur, Uttar Pradesh, Tower, 227807','1234567891','GTM for beginners','jhonson','300.0','cash'),(129,21,58,'Ram Singh','ramsingh@gmail.com','Vill. Umamishra pur, Po. Barehti, Teh. Musafir Khana, Sultanpur, Uttar Pradesh, Tower, 227807','1234567891','Between Perfect and Real','Ray Stoeve','350.0','cash'),(130,21,59,'Ram Singh','ramsingh@gmail.com','Vill. Umamishra pur, Po. Barehti, Teh. Musafir Khana, Sultanpur, Uttar Pradesh, Tower, 227807','1234567891','GTM for beginners','jhonson','300.0','cash'),(131,21,60,'Ram Singh','ramsingh@gmail.com','Vill. Umamishra pur, Po. Barehti, Teh. Musafir Khana, Sultanpur, Uttar Pradesh, Tower, 227807','1234567891','Between Perfect and Real','Ray Stoeve','350.0','cash'),(132,21,61,'Ram Singh','ramsingh@gmail.com','Vill. Umamishra pur, Po. Barehti, Teh. Musafir Khana, Sultanpur, Uttar Pradesh, Tower, 227807','1234567891','Between Perfect and Real','Ray Stoeve','350.0','cash'),(133,21,62,'Ram Singh','ramsingh@gmail.com','Vill. Umamishra pur, Po. Barehti, Teh. Musafir Khana, Sultanpur, Uttar Pradesh, Tower, 227807','1234567891','GTM for beginners','jhonson','300.0','cash'),(134,21,63,'Ram Singh','ramsingh@gmail.com','Vill. Umamishra pur, Po. Barehti, Teh. Musafir Khana, Sultanpur, Uttar Pradesh, Tower, 227807','1234567891','Between Perfect and Real','Ray Stoeve','350.0','cash'),(135,21,64,'Ram Singh','ramsingh@gmail.com','Vill. Umamishra pur, Po. Barehti, Teh. Musafir Khana, Sultanpur, Uttar Pradesh, Tower, 227807','1234567891','GTM for beginners','jhonson','300.0','cash'),(136,21,65,'Ram Singh','ramsingh@gmail.com','Vill. Umamishra pur, Po. Barehti, Teh. Musafir Khana, Sultanpur, Uttar Pradesh, Tower, 227807','1234567891','GTM for beginners','jhonson','300.0','cash'),(137,21,66,'Ram Singh','ramsingh@gmail.com','Vill. Umamishra pur, Po. Barehti, Teh. Musafir Khana, Sultanpur, Uttar Pradesh, Tower, 227807','1234567891','GTM for beginners','jhonson','300.0','cash'),(138,21,67,'Ram Singh','ramsingh@gmail.com','Vill. Umamishra pur, Po. Barehti, Teh. Musafir Khana, Sultanpur, Uttar Pradesh, Tower, 227807','1234567891','GTM for beginners','jhonson','300.0','cash'),(139,18,74,'Shubham Pandey`','ansh@gmail.com','Vill. Umamishra pur, Po. Barehti, Teh. Musafir Khana, Sultanpur, Uttar Pradesh, taj, 227807','654645','Heaven is for Real','Lynn Vincent','700.0','cash'),(140,18,75,'Shubham Pandey`','ansh@gmail.com','Vill. Umamishra pur, Po. Barehti, Teh. Musafir Khana, Sultanpur, Uttar Pradesh, taj, 227807','654645','GTM for beginners','jhonson','300.0','cash'),(141,12,76,'Shubham Pandey','shubham@gmail.com','Delhi, Delhi, Delhi, Delhi, 12371','6546546','Heaven is for Real','Lynn Vincent','700.0','cash'),(142,12,77,'Shubham Pandey','shubham@gmail.com','Delhi, Delhi, Delhi, Delhi, 12371','6546546','Between Perfect and Real','Ray Stoeve','350.0','cash'),(143,12,78,'Shubham Pandey','shubham@gmail.com','Delhi, Delhi, Delhi, Delhi, 12371','6546546','GTM for beginners','jhonson','300.0','cash'),(144,28,104,'Ram Singh','ramsingh@gmail.com','Delhi, Delhi, Delhi, Delhi, 12324','23453435387','Between Perfect and Real','Ray Stoeve','350.0','cash'),(145,28,105,'Ram Singh','ramsingh@gmail.com','Delhi, Delhi, Delhi, Delhi, 12324','23453435387','Introuction to Viedeo and Image Processing','Springer','400.0','cash'),(146,28,106,'Ram Singh','ramsingh@gmail.com','Delhi, Delhi, Delhi, Delhi, 12324','23453435387','Between Perfect and Real','Ray Stoeve','350.0','cash'),(147,28,107,'Ram Singh','ramsingh@gmail.com','Delhi, Delhi, Delhi, Delhi, 12324','23453435387','GTM for beginners','jhonson','300.0','cash');
/*!40000 ALTER TABLE `userorder` ENABLE KEYS */;
UNLOCK TABLES;
/*!40103 SET TIME_ZONE=@OLD_TIME_ZONE */;

/*!40101 SET SQL_MODE=@OLD_SQL_MODE */;
/*!40014 SET FOREIGN_KEY_CHECKS=@OLD_FOREIGN_KEY_CHECKS */;
/*!40014 SET UNIQUE_CHECKS=@OLD_UNIQUE_CHECKS */;
/*!40101 SET CHARACTER_SET_CLIENT=@OLD_CHARACTER_SET_CLIENT */;
/*!40101 SET CHARACTER_SET_RESULTS=@OLD_CHARACTER_SET_RESULTS */;
/*!40101 SET COLLATION_CONNECTION=@OLD_COLLATION_CONNECTION */;
/*!40111 SET SQL_NOTES=@OLD_SQL_NOTES */;

-- Dump completed on 2023-08-29 12:18:36
